EMP ID,Shift_Start,Shift_End,Day_Name,Status
1,6:00:00 AM,3:00:00 PM,Mon,WO
1,6:00:00 AM,3:00:00 PM,Tue,WO
1,6:00:00 AM,3:00:00 PM,Wed,P
1,6:00:00 AM,3:00:00 PM,Thu,P
1,6:00:00 AM,3:00:00 PM,Fri,P
1,6:00:00 AM,3:00:00 PM,Sat,P
1,6:00:00 AM,3:00:00 PM,Sun,P
2,2:00:00 PM,11:00:00 PM,Mon,P
2,2:00:00 PM,11:00:00 PM,Tue,P
2,2:00:00 PM,11:00:00 PM,Wed,P
2,2:00:00 PM,11:00:00 PM,Thu,WO
2,2:00:00 PM,11:00:00 PM,Fri,WO
2,2:00:00 PM,11:00:00 PM,Sat,P
2,2:00:00 PM,11:00:00 PM,Sun,P
3,10:00:00 PM,7:00:00 AM,Mon,P
3,10:00:00 PM,7:00:00 AM,Tue,P
3,10:00:00 PM,7:00:00 AM,Wed,WO
3,10:00:00 PM,7:00:00 AM,Thu,P
3,10:00:00 PM,7:00:00 AM,Fri,P
3,10:00:00 PM,7:00:00 AM,Sat,WO
3,10:00:00 PM,7:00:00 AM,Sun,P
4,6:00:00 AM,3:00:00 PM,Mon,P
4,6:00:00 AM,3:00:00 PM,Tue,WO
4,6:00:00 AM,3:00:00 PM,Wed,WO
4,6:00:00 AM,3:00:00 PM,Thu,P
4,6:00:00 AM,3:00:00 PM,Fri,P
4,6:00:00 AM,3:00:00 PM,Sat,P
4,6:00:00 AM,3:00:00 PM,Sun,P
5,2:00:00 PM,11:00:00 PM,Mon,P
5,2:00:00 PM,11:00:00 PM,Tue,P
5,2:00:00 PM,11:00:00 PM,Wed,WO
5,2:00:00 PM,11:00:00 PM,Thu,P
5,2:00:00 PM,11:00:00 PM,Fri,WO
5,2:00:00 PM,11:00:00 PM,Sat,P
5,2:00:00 PM,11:00:00 PM,Sun,P
6,10:00:00 PM,7:00:00 AM,Mon,P
6,10:00:00 PM,7:00:00 AM,Tue,WO
6,10:00:00 PM,7:00:00 AM,Wed,WO
6,10:00:00 PM,7:00:00 AM,Thu,P
6,10:00:00 PM,7:00:00 AM,Fri,P
6,10:00:00 PM,7:00:00 AM,Sat,P
6,10:00:00 PM,7:00:00 AM,Sun,P
7,6:00:00 AM,3:00:00 PM,Mon,WO
7,6:00:00 AM,3:00:00 PM,Tue,P
7,6:00:00 AM,3:00:00 PM,Wed,P
7,6:00:00 AM,3:00:00 PM,Thu,P
7,6:00:00 AM,3:00:00 PM,Fri,P
7,6:00:00 AM,3:00:00 PM,Sat,WO
7,6:00:00 AM,3:00:00 PM,Sun,P
8,2:00:00 PM,11:00:00 PM,Mon,P
8,2:00:00 PM,11:00:00 PM,Tue,WO
8,2:00:00 PM,11:00:00 PM,Wed,WO
8,2:00:00 PM,11:00:00 PM,Thu,P
8,2:00:00 PM,11:00:00 PM,Fri,P
8,2:00:00 PM,11:00:00 PM,Sat,P
8,2:00:00 PM,11:00:00 PM,Sun,P
9,10:00:00 PM,7:00:00 AM,Mon,WO
9,10:00:00 PM,7:00:00 AM,Tue,WO
9,10:00:00 PM,7:00:00 AM,Wed,P
9,10:00:00 PM,7:00:00 AM,Thu,P
9,10:00:00 PM,7:00:00 AM,Fri,P
9,10:00:00 PM,7:00:00 AM,Sat,P
9,10:00:00 PM,7:00:00 AM,Sun,P
10,6:00:00 AM,3:00:00 PM,Mon,P
10,6:00:00 AM,3:00:00 PM,Tue,P
10,6:00:00 AM,3:00:00 PM,Wed,P
10,6:00:00 AM,3:00:00 PM,Thu,WO
10,6:00:00 AM,3:00:00 PM,Fri,WO
10,6:00:00 AM,3:00:00 PM,Sat,P
10,6:00:00 AM,3:00:00 PM,Sun,P
11,2:00:00 PM,11:00:00 PM,Mon,WO
11,2:00:00 PM,11:00:00 PM,Tue,P
11,2:00:00 PM,11:00:00 PM,Wed,P
11,2:00:00 PM,11:00:00 PM,Thu,P
11,2:00:00 PM,11:00:00 PM,Fri,P
11,2:00:00 PM,11:00:00 PM,Sat,P
11,2:00:00 PM,11:00:00 PM,Sun,WO
12,10:00:00 PM,7:00:00 AM,Mon,P
12,10:00:00 PM,7:00:00 AM,Tue,WO
12,10:00:00 PM,7:00:00 AM,Wed,WO
12,10:00:00 PM,7:00:00 AM,Thu,P
12,10:00:00 PM,7:00:00 AM,Fri,P
12,10:00:00 PM,7:00:00 AM,Sat,P
12,10:00:00 PM,7:00:00 AM,Sun,P
13,6:00:00 AM,3:00:00 PM,Mon,P
13,6:00:00 AM,3:00:00 PM,Tue,P
13,6:00:00 AM,3:00:00 PM,Wed,P
13,6:00:00 AM,3:00:00 PM,Thu,P
13,6:00:00 AM,3:00:00 PM,Fri,P
13,6:00:00 AM,3:00:00 PM,Sat,WO
13,6:00:00 AM,3:00:00 PM,Sun,WO
14,2:00:00 PM,11:00:00 PM,Mon,WO
14,2:00:00 PM,11:00:00 PM,Tue,WO
14,2:00:00 PM,11:00:00 PM,Wed,P
14,2:00:00 PM,11:00:00 PM,Thu,P
14,2:00:00 PM,11:00:00 PM,Fri,P
14,2:00:00 PM,11:00:00 PM,Sat,P
14,2:00:00 PM,11:00:00 PM,Sun,P
15,10:00:00 PM,7:00:00 AM,Mon,P
15,10:00:00 PM,7:00:00 AM,Tue,P
15,10:00:00 PM,7:00:00 AM,Wed,P
15,10:00:00 PM,7:00:00 AM,Thu,P
15,10:00:00 PM,7:00:00 AM,Fri,P
15,10:00:00 PM,7:00:00 AM,Sat,WO
15,10:00:00 PM,7:00:00 AM,Sun,WO
16,6:00:00 AM,3:00:00 PM,Mon,P
16,6:00:00 AM,3:00:00 PM,Tue,WO
16,6:00:00 AM,3:00:00 PM,Wed,WO
16,6:00:00 AM,3:00:00 PM,Thu,P
16,6:00:00 AM,3:00:00 PM,Fri,P
16,6:00:00 AM,3:00:00 PM,Sat,P
16,6:00:00 AM,3:00:00 PM,Sun,P
17,2:00:00 PM,11:00:00 PM,Mon,WO
17,2:00:00 PM,11:00:00 PM,Tue,WO
17,2:00:00 PM,11:00:00 PM,Wed,P
17,2:00:00 PM,11:00:00 PM,Thu,P
17,2:00:00 PM,11:00:00 PM,Fri,P
17,2:00:00 PM,11:00:00 PM,Sat,P
17,2:00:00 PM,11:00:00 PM,Sun,P
18,10:00:00 PM,7:00:00 AM,Mon,P
18,10:00:00 PM,7:00:00 AM,Tue,P
18,10:00:00 PM,7:00:00 AM,Wed,P
18,10:00:00 PM,7:00:00 AM,Thu,WO
18,10:00:00 PM,7:00:00 AM,Fri,P
18,10:00:00 PM,7:00:00 AM,Sat,WO
18,10:00:00 PM,7:00:00 AM,Sun,P
11,2:00:00 PM,11:00:00 PM,Mon,WO
11,2:00:00 PM,11:00:00 PM,Tue,P
11,2:00:00 PM,11:00:00 PM,Wed,P
11,2:00:00 PM,11:00:00 PM,Thu,P
11,2:00:00 PM,11:00:00 PM,Fri,P
11,2:00:00 PM,11:00:00 PM,Sat,WO
11,2:00:00 PM,11:00:00 PM,Sun,P
12,10:00:00 PM,7:00:00 AM,Mon,P
12,10:00:00 PM,7:00:00 AM,Tue,WO
12,10:00:00 PM,7:00:00 AM,Wed,WO
12,10:00:00 PM,7:00:00 AM,Thu,P
12,10:00:00 PM,7:00:00 AM,Fri,P
12,10:00:00 PM,7:00:00 AM,Sat,P
12,10:00:00 PM,7:00:00 AM,Sun,P
13,6:00:00 AM,3:00:00 PM,Mon,P
13,6:00:00 AM,3:00:00 PM,Tue,P
13,6:00:00 AM,3:00:00 PM,Wed,P
13,6:00:00 AM,3:00:00 PM,Thu,P
13,6:00:00 AM,3:00:00 PM,Fri,WO
13,6:00:00 AM,3:00:00 PM,Sat,WO
13,6:00:00 AM,3:00:00 PM,Sun,P
14,2:00:00 PM,11:00:00 PM,Mon,WO
14,2:00:00 PM,11:00:00 PM,Tue,WO
14,2:00:00 PM,11:00:00 PM,Wed,P
14,2:00:00 PM,11:00:00 PM,Thu,P
14,2:00:00 PM,11:00:00 PM,Fri,P
14,2:00:00 PM,11:00:00 PM,Sat,P
14,2:00:00 PM,11:00:00 PM,Sun,P
15,10:00:00 PM,7:00:00 AM,Mon,P
15,10:00:00 PM,7:00:00 AM,Tue,P
15,10:00:00 PM,7:00:00 AM,Wed,P
15,10:00:00 PM,7:00:00 AM,Thu,P
15,10:00:00 PM,7:00:00 AM,Fri,WO
15,10:00:00 PM,7:00:00 AM,Sat,WO
15,10:00:00 PM,7:00:00 AM,Sun,P
16,6:00:00 AM,3:00:00 PM,Mon,P
16,6:00:00 AM,3:00:00 PM,Tue,WO
16,6:00:00 AM,3:00:00 PM,Wed,WO
16,6:00:00 AM,3:00:00 PM,Thu,P
16,6:00:00 AM,3:00:00 PM,Fri,P
16,6:00:00 AM,3:00:00 PM,Sat,P
16,6:00:00 AM,3:00:00 PM,Sun,P
17,2:00:00 PM,11:00:00 PM,Mon,WO
17,2:00:00 PM,11:00:00 PM,Tue,WO
17,2:00:00 PM,11:00:00 PM,Wed,P
17,2:00:00 PM,11:00:00 PM,Thu,P
17,2:00:00 PM,11:00:00 PM,Fri,P
17,2:00:00 PM,11:00:00 PM,Sat,P
17,2:00:00 PM,11:00:00 PM,Sun,P
18,10:00:00 PM,7:00:00 AM,Mon,P
18,10:00:00 PM,7:00:00 AM,Tue,P
18,10:00:00 PM,7:00:00 AM,Wed,P
18,10:00:00 PM,7:00:00 AM,Thu,WO
18,10:00:00 PM,7:00:00 AM,Fri,WO
18,10:00:00 PM,7:00:00 AM,Sat,P
18,10:00:00 PM,7:00:00 AM,Sun,P
19,6:00:00 AM,3:00:00 PM,Mon,P
19,6:00:00 AM,3:00:00 PM,Tue,P
19,6:00:00 AM,3:00:00 PM,Wed,P
19,6:00:00 AM,3:00:00 PM,Thu,P
19,6:00:00 AM,3:00:00 PM,Fri,P
19,6:00:00 AM,3:00:00 PM,Sat,WO
19,6:00:00 AM,3:00:00 PM,Sun,WO
20,6:00:00 AM,3:00:00 PM,Mon,P
20,6:00:00 AM,3:00:00 PM,Tue,P
20,6:00:00 AM,3:00:00 PM,Wed,P
20,6:00:00 AM,3:00:00 PM,Thu,P
20,6:00:00 AM,3:00:00 PM,Fri,P
20,6:00:00 AM,3:00:00 PM,Sat,WO
20,6:00:00 AM,3:00:00 PM,Sun,WO
21,10:00:00 PM,7:00:00 AM,Mon,P
21,10:00:00 PM,7:00:00 AM,Tue,P
21,10:00:00 PM,7:00:00 AM,Wed,P
21,10:00:00 PM,7:00:00 AM,Thu,P
21,10:00:00 PM,7:00:00 AM,Fri,WO
21,10:00:00 PM,7:00:00 AM,Sat,WO
21,10:00:00 PM,7:00:00 AM,Sun,P
22,6:00:00 AM,3:00:00 PM,Mon,WO
22,6:00:00 AM,3:00:00 PM,Tue,WO
22,6:00:00 AM,3:00:00 PM,Wed,P
22,6:00:00 AM,3:00:00 PM,Thu,P
22,6:00:00 AM,3:00:00 PM,Fri,P
22,6:00:00 AM,3:00:00 PM,Sat,P
22,6:00:00 AM,3:00:00 PM,Sun,P
23,10:00:00 PM,7:00:00 AM,Mon,P
23,10:00:00 PM,7:00:00 AM,Tue,WO
23,10:00:00 PM,7:00:00 AM,Wed,WO
23,10:00:00 PM,7:00:00 AM,Thu,P
23,10:00:00 PM,7:00:00 AM,Fri,P
23,10:00:00 PM,7:00:00 AM,Sat,P
23,10:00:00 PM,7:00:00 AM,Sun,P
24,6:00:00 AM,3:00:00 PM,Mon,P
24,6:00:00 AM,3:00:00 PM,Tue,P
24,6:00:00 AM,3:00:00 PM,Wed,P
24,6:00:00 AM,3:00:00 PM,Thu,P
24,6:00:00 AM,3:00:00 PM,Fri,P
24,6:00:00 AM,3:00:00 PM,Sat,WO
24,6:00:00 AM,3:00:00 PM,Sun,WO
25,6:00:00 AM,3:00:00 PM,Mon,P
25,6:00:00 AM,3:00:00 PM,Tue,P
25,6:00:00 AM,3:00:00 PM,Wed,WO
25,6:00:00 AM,3:00:00 PM,Thu,WO
25,6:00:00 AM,3:00:00 PM,Fri,P
25,6:00:00 AM,3:00:00 PM,Sat,P
25,6:00:00 AM,3:00:00 PM,Sun,P
26,10:00:00 PM,7:00:00 AM,Mon,P
26,10:00:00 PM,7:00:00 AM,Tue,WO
26,10:00:00 PM,7:00:00 AM,Wed,WO
26,10:00:00 PM,7:00:00 AM,Thu,P
26,10:00:00 PM,7:00:00 AM,Fri,P
26,10:00:00 PM,7:00:00 AM,Sat,P
26,10:00:00 PM,7:00:00 AM,Sun,P
27,6:00:00 AM,3:00:00 PM,Mon,P
27,6:00:00 AM,3:00:00 PM,Tue,P
27,6:00:00 AM,3:00:00 PM,Wed,P
27,6:00:00 AM,3:00:00 PM,Thu,WO
27,6:00:00 AM,3:00:00 PM,Fri,WO
27,6:00:00 AM,3:00:00 PM,Sat,P
27,6:00:00 AM,3:00:00 PM,Sun,P
28,6:00:00 AM,3:00:00 PM,Mon,P
28,6:00:00 AM,3:00:00 PM,Tue,P
28,6:00:00 AM,3:00:00 PM,Wed,P
28,6:00:00 AM,3:00:00 PM,Thu,WO
28,6:00:00 AM,3:00:00 PM,Fri,WO
28,6:00:00 AM,3:00:00 PM,Sat,P
28,6:00:00 AM,3:00:00 PM,Sun,P
29,10:00:00 PM,7:00:00 AM,Mon,P
29,10:00:00 PM,7:00:00 AM,Tue,P
29,10:00:00 PM,7:00:00 AM,Wed,P
29,10:00:00 PM,7:00:00 AM,Thu,P
29,10:00:00 PM,7:00:00 AM,Fri,P
29,10:00:00 PM,7:00:00 AM,Sat,WO
29,10:00:00 PM,7:00:00 AM,Sun,WO
30,6:00:00 AM,3:00:00 PM,Mon,WO
30,6:00:00 AM,3:00:00 PM,Tue,P
30,6:00:00 AM,3:00:00 PM,Wed,WO
30,6:00:00 AM,3:00:00 PM,Thu,P
30,6:00:00 AM,3:00:00 PM,Fri,P
30,6:00:00 AM,3:00:00 PM,Sat,P
30,6:00:00 AM,3:00:00 PM,Sun,P
31,6:00:00 AM,3:00:00 PM,Mon,WO
31,6:00:00 AM,3:00:00 PM,Tue,P
31,6:00:00 AM,3:00:00 PM,Wed,WO
31,6:00:00 AM,3:00:00 PM,Thu,P
31,6:00:00 AM,3:00:00 PM,Fri,P
31,6:00:00 AM,3:00:00 PM,Sat,P
31,6:00:00 AM,3:00:00 PM,Sun,P
32,6:00:00 AM,3:00:00 PM,Mon,WO
32,6:00:00 AM,3:00:00 PM,Tue,P
32,6:00:00 AM,3:00:00 PM,Wed,P
32,6:00:00 AM,3:00:00 PM,Thu,P
32,6:00:00 AM,3:00:00 PM,Fri,P
32,6:00:00 AM,3:00:00 PM,Sat,P
32,6:00:00 AM,3:00:00 PM,Sun,WO
33,6:00:00 AM,3:00:00 PM,Mon,P
33,6:00:00 AM,3:00:00 PM,Tue,P
33,6:00:00 AM,3:00:00 PM,Wed,P
33,6:00:00 AM,3:00:00 PM,Thu,P
33,6:00:00 AM,3:00:00 PM,Fri,WO
33,6:00:00 AM,3:00:00 PM,Sat,WO
33,6:00:00 AM,3:00:00 PM,Sun,P
34,6:00:00 AM,3:00:00 PM,Mon,WO
34,6:00:00 AM,3:00:00 PM,Tue,P
34,6:00:00 AM,3:00:00 PM,Wed,P
34,6:00:00 AM,3:00:00 PM,Thu,P
34,6:00:00 AM,3:00:00 PM,Fri,WO
34,6:00:00 AM,3:00:00 PM,Sat,P
34,6:00:00 AM,3:00:00 PM,Sun,P
35,6:00:00 AM,3:00:00 PM,Mon,WO
35,6:00:00 AM,3:00:00 PM,Tue,P
35,6:00:00 AM,3:00:00 PM,Wed,P
35,6:00:00 AM,3:00:00 PM,Thu,P
35,6:00:00 AM,3:00:00 PM,Fri,WO
35,6:00:00 AM,3:00:00 PM,Sat,P
35,6:00:00 AM,3:00:00 PM,Sun,P
36,6:00:00 AM,3:00:00 PM,Mon,P
36,6:00:00 AM,3:00:00 PM,Tue,P
36,6:00:00 AM,3:00:00 PM,Wed,WO
36,6:00:00 AM,3:00:00 PM,Thu,P
36,6:00:00 AM,3:00:00 PM,Fri,P
36,6:00:00 AM,3:00:00 PM,Sat,P
36,6:00:00 AM,3:00:00 PM,Sun,WO
37,6:00:00 AM,3:00:00 PM,Mon,P
37,6:00:00 AM,3:00:00 PM,Tue,P
37,6:00:00 AM,3:00:00 PM,Wed,WO
37,6:00:00 AM,3:00:00 PM,Thu,P
37,6:00:00 AM,3:00:00 PM,Fri,P
37,6:00:00 AM,3:00:00 PM,Sat,P
37,6:00:00 AM,3:00:00 PM,Sun,WO
38,6:00:00 AM,3:00:00 PM,Mon,P
38,6:00:00 AM,3:00:00 PM,Tue,P
38,6:00:00 AM,3:00:00 PM,Wed,P
38,6:00:00 AM,3:00:00 PM,Thu,WO
38,6:00:00 AM,3:00:00 PM,Fri,P
38,6:00:00 AM,3:00:00 PM,Sat,P
38,6:00:00 AM,3:00:00 PM,Sun,WO
39,6:00:00 AM,3:00:00 PM,Mon,WO
39,6:00:00 AM,3:00:00 PM,Tue,P
39,6:00:00 AM,3:00:00 PM,Wed,P
39,6:00:00 AM,3:00:00 PM,Thu,P
39,6:00:00 AM,3:00:00 PM,Fri,WO
39,6:00:00 AM,3:00:00 PM,Sat,P
39,6:00:00 AM,3:00:00 PM,Sun,P
40,2:00:00 PM,11:00:00 PM,Mon,WO
40,2:00:00 PM,11:00:00 PM,Tue,P
40,2:00:00 PM,11:00:00 PM,Wed,WO
40,2:00:00 PM,11:00:00 PM,Thu,P
40,2:00:00 PM,11:00:00 PM,Fri,P
40,2:00:00 PM,11:00:00 PM,Sat,P
40,2:00:00 PM,11:00:00 PM,Sun,P
41,2:00:00 PM,11:00:00 PM,Mon,P
41,2:00:00 PM,11:00:00 PM,Tue,P
41,2:00:00 PM,11:00:00 PM,Wed,P
41,2:00:00 PM,11:00:00 PM,Thu,P
41,2:00:00 PM,11:00:00 PM,Fri,WO
41,2:00:00 PM,11:00:00 PM,Sat,WO
41,2:00:00 PM,11:00:00 PM,Sun,P
42,2:00:00 PM,11:00:00 PM,Mon,P
42,2:00:00 PM,11:00:00 PM,Tue,P
42,2:00:00 PM,11:00:00 PM,Wed,WO
42,2:00:00 PM,11:00:00 PM,Thu,WO
42,2:00:00 PM,11:00:00 PM,Fri,P
42,2:00:00 PM,11:00:00 PM,Sat,P
42,2:00:00 PM,11:00:00 PM,Sun,P
43,2:00:00 PM,11:00:00 PM,Mon,WO
43,2:00:00 PM,11:00:00 PM,Tue,P
43,2:00:00 PM,11:00:00 PM,Wed,P
43,2:00:00 PM,11:00:00 PM,Thu,WO
43,2:00:00 PM,11:00:00 PM,Fri,P
43,2:00:00 PM,11:00:00 PM,Sat,P
43,2:00:00 PM,11:00:00 PM,Sun,P
44,2:00:00 PM,11:00:00 PM,Mon,WO
44,2:00:00 PM,11:00:00 PM,Tue,P
44,2:00:00 PM,11:00:00 PM,Wed,P
44,2:00:00 PM,11:00:00 PM,Thu,P
44,2:00:00 PM,11:00:00 PM,Fri,P
44,2:00:00 PM,11:00:00 PM,Sat,WO
44,2:00:00 PM,11:00:00 PM,Sun,P
45,2:00:00 PM,11:00:00 PM,Mon,P
45,2:00:00 PM,11:00:00 PM,Tue,P
45,2:00:00 PM,11:00:00 PM,Wed,P
45,2:00:00 PM,11:00:00 PM,Thu,P
45,2:00:00 PM,11:00:00 PM,Fri,WO
45,2:00:00 PM,11:00:00 PM,Sat,P
45,2:00:00 PM,11:00:00 PM,Sun,WO
46,2:00:00 PM,11:00:00 PM,Mon,WO
46,2:00:00 PM,11:00:00 PM,Tue,P
46,2:00:00 PM,11:00:00 PM,Wed,P
46,2:00:00 PM,11:00:00 PM,Thu,P
46,2:00:00 PM,11:00:00 PM,Fri,P
46,2:00:00 PM,11:00:00 PM,Sat,P
46,2:00:00 PM,11:00:00 PM,Sun,WO
47,2:00:00 PM,11:00:00 PM,Mon,P
47,2:00:00 PM,11:00:00 PM,Tue,P
47,2:00:00 PM,11:00:00 PM,Wed,P
47,2:00:00 PM,11:00:00 PM,Thu,P
47,2:00:00 PM,11:00:00 PM,Fri,P
47,2:00:00 PM,11:00:00 PM,Sat,WO
47,2:00:00 PM,11:00:00 PM,Sun,WO
48,2:00:00 PM,11:00:00 PM,Mon,WO
48,2:00:00 PM,11:00:00 PM,Tue,P
48,2:00:00 PM,11:00:00 PM,Wed,P
48,2:00:00 PM,11:00:00 PM,Thu,P
48,2:00:00 PM,11:00:00 PM,Fri,P
48,2:00:00 PM,11:00:00 PM,Sat,P
48,2:00:00 PM,11:00:00 PM,Sun,WO
49,2:00:00 PM,11:00:00 PM,Mon,P
49,2:00:00 PM,11:00:00 PM,Tue,WO
49,2:00:00 PM,11:00:00 PM,Wed,P
49,2:00:00 PM,11:00:00 PM,Thu,P
49,2:00:00 PM,11:00:00 PM,Fri,WO
49,2:00:00 PM,11:00:00 PM,Sat,P
49,2:00:00 PM,11:00:00 PM,Sun,P
50,2:00:00 PM,11:00:00 PM,Mon,P
50,2:00:00 PM,11:00:00 PM,Tue,WO
50,2:00:00 PM,11:00:00 PM,Wed,WO
50,2:00:00 PM,11:00:00 PM,Thu,P
50,2:00:00 PM,11:00:00 PM,Fri,P
50,2:00:00 PM,11:00:00 PM,Sat,P
50,2:00:00 PM,11:00:00 PM,Sun,P
45,2:00:00 PM,11:00:00 PM,Mon,P
45,2:00:00 PM,11:00:00 PM,Tue,P
45,2:00:00 PM,11:00:00 PM,Wed,P
45,2:00:00 PM,11:00:00 PM,Thu,P
45,2:00:00 PM,11:00:00 PM,Fri,WO
45,2:00:00 PM,11:00:00 PM,Sat,P
45,2:00:00 PM,11:00:00 PM,Sun,WO
46,2:00:00 PM,11:00:00 PM,Mon,WO
46,2:00:00 PM,11:00:00 PM,Tue,P
46,2:00:00 PM,11:00:00 PM,Wed,P
46,2:00:00 PM,11:00:00 PM,Thu,P
46,2:00:00 PM,11:00:00 PM,Fri,P
46,2:00:00 PM,11:00:00 PM,Sat,P
46,2:00:00 PM,11:00:00 PM,Sun,WO
47,2:00:00 PM,11:00:00 PM,Mon,P
47,2:00:00 PM,11:00:00 PM,Tue,P
47,2:00:00 PM,11:00:00 PM,Wed,P
47,2:00:00 PM,11:00:00 PM,Thu,P
47,2:00:00 PM,11:00:00 PM,Fri,P
47,2:00:00 PM,11:00:00 PM,Sat,WO
47,2:00:00 PM,11:00:00 PM,Sun,WO
48,2:00:00 PM,11:00:00 PM,Mon,WO
48,2:00:00 PM,11:00:00 PM,Tue,P
48,2:00:00 PM,11:00:00 PM,Wed,P
48,2:00:00 PM,11:00:00 PM,Thu,P
48,2:00:00 PM,11:00:00 PM,Fri,P
48,2:00:00 PM,11:00:00 PM,Sat,P
48,2:00:00 PM,11:00:00 PM,Sun,WO
49,2:00:00 PM,11:00:00 PM,Mon,P
49,2:00:00 PM,11:00:00 PM,Tue,WO
49,2:00:00 PM,11:00:00 PM,Wed,P
49,2:00:00 PM,11:00:00 PM,Thu,P
49,2:00:00 PM,11:00:00 PM,Fri,WO
49,2:00:00 PM,11:00:00 PM,Sat,P
49,2:00:00 PM,11:00:00 PM,Sun,P
50,2:00:00 PM,11:00:00 PM,Mon,P
50,2:00:00 PM,11:00:00 PM,Tue,WO
50,2:00:00 PM,11:00:00 PM,Wed,WO
50,2:00:00 PM,11:00:00 PM,Thu,P
50,2:00:00 PM,11:00:00 PM,Fri,P
50,2:00:00 PM,11:00:00 PM,Sat,P
50,2:00:00 PM,11:00:00 PM,Sun,P
45,2:00:00 PM,11:00:00 PM,Mon,P
45,2:00:00 PM,11:00:00 PM,Tue,P
45,2:00:00 PM,11:00:00 PM,Wed,P
45,2:00:00 PM,11:00:00 PM,Thu,P
45,2:00:00 PM,11:00:00 PM,Fri,WO
45,2:00:00 PM,11:00:00 PM,Sat,P
45,2:00:00 PM,11:00:00 PM,Sun,WO
46,2:00:00 PM,11:00:00 PM,Mon,WO
46,2:00:00 PM,11:00:00 PM,Tue,P
46,2:00:00 PM,11:00:00 PM,Wed,P
46,2:00:00 PM,11:00:00 PM,Thu,P
46,2:00:00 PM,11:00:00 PM,Fri,P
46,2:00:00 PM,11:00:00 PM,Sat,P
46,2:00:00 PM,11:00:00 PM,Sun,WO
47,2:00:00 PM,11:00:00 PM,Mon,P
47,2:00:00 PM,11:00:00 PM,Tue,P
47,2:00:00 PM,11:00:00 PM,Wed,P
47,2:00:00 PM,11:00:00 PM,Thu,P
47,2:00:00 PM,11:00:00 PM,Fri,P
47,2:00:00 PM,11:00:00 PM,Sat,WO
47,2:00:00 PM,11:00:00 PM,Sun,WO
48,2:00:00 PM,11:00:00 PM,Mon,WO
48,2:00:00 PM,11:00:00 PM,Tue,P
48,2:00:00 PM,11:00:00 PM,Wed,P
48,2:00:00 PM,11:00:00 PM,Thu,P
48,2:00:00 PM,11:00:00 PM,Fri,P
48,2:00:00 PM,11:00:00 PM,Sat,P
48,2:00:00 PM,11:00:00 PM,Sun,WO
49,2:00:00 PM,11:00:00 PM,Mon,P
49,2:00:00 PM,11:00:00 PM,Tue,WO
49,2:00:00 PM,11:00:00 PM,Wed,P
49,2:00:00 PM,11:00:00 PM,Thu,P
49,2:00:00 PM,11:00:00 PM,Fri,WO
49,2:00:00 PM,11:00:00 PM,Sat,P
49,2:00:00 PM,11:00:00 PM,Sun,P
50,2:00:00 PM,11:00:00 PM,Mon,P
50,2:00:00 PM,11:00:00 PM,Tue,WO
50,2:00:00 PM,11:00:00 PM,Wed,WO
50,2:00:00 PM,11:00:00 PM,Thu,P
50,2:00:00 PM,11:00:00 PM,Fri,P
50,2:00:00 PM,11:00:00 PM,Sat,P
50,2:00:00 PM,11:00:00 PM,Sun,P
51,2:00:00 PM,11:00:00 PM,Mon,P
51,2:00:00 PM,11:00:00 PM,Tue,P
51,2:00:00 PM,11:00:00 PM,Wed,P
51,2:00:00 PM,11:00:00 PM,Thu,P
51,2:00:00 PM,11:00:00 PM,Fri,WO
51,2:00:00 PM,11:00:00 PM,Sat,WO
51,2:00:00 PM,11:00:00 PM,Sun,P
52,2:00:00 PM,11:00:00 PM,Mon,WO
52,2:00:00 PM,11:00:00 PM,Tue,P
52,2:00:00 PM,11:00:00 PM,Wed,WO
52,2:00:00 PM,11:00:00 PM,Thu,P
52,2:00:00 PM,11:00:00 PM,Fri,P
52,2:00:00 PM,11:00:00 PM,Sat,P
52,2:00:00 PM,11:00:00 PM,Sun,P
53,2:00:00 PM,11:00:00 PM,Mon,WO
53,2:00:00 PM,11:00:00 PM,Tue,P
53,2:00:00 PM,11:00:00 PM,Wed,P
53,2:00:00 PM,11:00:00 PM,Thu,P
53,2:00:00 PM,11:00:00 PM,Fri,P
53,2:00:00 PM,11:00:00 PM,Sat,WO
53,2:00:00 PM,11:00:00 PM,Sun,P
54,2:00:00 PM,11:00:00 PM,Mon,P
54,2:00:00 PM,11:00:00 PM,Tue,P
54,2:00:00 PM,11:00:00 PM,Wed,P
54,2:00:00 PM,11:00:00 PM,Thu,P
54,2:00:00 PM,11:00:00 PM,Fri,P
54,2:00:00 PM,11:00:00 PM,Sat,WO
54,2:00:00 PM,11:00:00 PM,Sun,WO
55,2:00:00 PM,11:00:00 PM,Mon,P
55,2:00:00 PM,11:00:00 PM,Tue,P
55,2:00:00 PM,11:00:00 PM,Wed,P
55,2:00:00 PM,11:00:00 PM,Thu,WO
55,2:00:00 PM,11:00:00 PM,Fri,WO
55,2:00:00 PM,11:00:00 PM,Sat,P
55,2:00:00 PM,11:00:00 PM,Sun,P
56,2:00:00 PM,11:00:00 PM,Mon,P
56,2:00:00 PM,11:00:00 PM,Tue,P
56,2:00:00 PM,11:00:00 PM,Wed,P
56,2:00:00 PM,11:00:00 PM,Thu,P
56,2:00:00 PM,11:00:00 PM,Fri,P
56,2:00:00 PM,11:00:00 PM,Sat,WO
56,2:00:00 PM,11:00:00 PM,Sun,WO
57,2:00:00 PM,11:00:00 PM,Mon,P
57,2:00:00 PM,11:00:00 PM,Tue,P
57,2:00:00 PM,11:00:00 PM,Wed,P
57,2:00:00 PM,11:00:00 PM,Thu,WO
57,2:00:00 PM,11:00:00 PM,Fri,WO
57,2:00:00 PM,11:00:00 PM,Sat,P
57,2:00:00 PM,11:00:00 PM,Sun,P
58,2:00:00 PM,11:00:00 PM,Mon,P
58,2:00:00 PM,11:00:00 PM,Tue,P
58,2:00:00 PM,11:00:00 PM,Wed,P
58,2:00:00 PM,11:00:00 PM,Thu,P
58,2:00:00 PM,11:00:00 PM,Fri,P
58,2:00:00 PM,11:00:00 PM,Sat,WO
58,2:00:00 PM,11:00:00 PM,Sun,WO
59,2:00:00 PM,11:00:00 PM,Mon,WO
59,2:00:00 PM,11:00:00 PM,Tue,WO
59,2:00:00 PM,11:00:00 PM,Wed,P
59,2:00:00 PM,11:00:00 PM,Thu,P
59,2:00:00 PM,11:00:00 PM,Fri,P
59,2:00:00 PM,11:00:00 PM,Sat,P
59,2:00:00 PM,11:00:00 PM,Sun,P
60,6:00:00 AM,3:00:00 PM,Mon,P
60,6:00:00 AM,3:00:00 PM,Tue,P
60,6:00:00 AM,3:00:00 PM,Wed,WO
60,6:00:00 AM,3:00:00 PM,Thu,WO
60,6:00:00 AM,3:00:00 PM,Fri,P
60,6:00:00 AM,3:00:00 PM,Sat,P
60,6:00:00 AM,3:00:00 PM,Sun,P
61,6:00:00 AM,3:00:00 PM,Mon,P
61,6:00:00 AM,3:00:00 PM,Tue,P
61,6:00:00 AM,3:00:00 PM,Wed,P
61,6:00:00 AM,3:00:00 PM,Thu,WO
61,6:00:00 AM,3:00:00 PM,Fri,WO
61,6:00:00 AM,3:00:00 PM,Sat,P
61,6:00:00 AM,3:00:00 PM,Sun,P
62,6:00:00 AM,3:00:00 PM,Mon,P
62,6:00:00 AM,3:00:00 PM,Tue,WO
62,6:00:00 AM,3:00:00 PM,Wed,WO
62,6:00:00 AM,3:00:00 PM,Thu,P
62,6:00:00 AM,3:00:00 PM,Fri,P
62,6:00:00 AM,3:00:00 PM,Sat,P
62,6:00:00 AM,3:00:00 PM,Sun,P
63,6:00:00 AM,3:00:00 PM,Mon,WO
63,6:00:00 AM,3:00:00 PM,Tue,WO
63,6:00:00 AM,3:00:00 PM,Wed,P
63,6:00:00 AM,3:00:00 PM,Thu,P
63,6:00:00 AM,3:00:00 PM,Fri,P
63,6:00:00 AM,3:00:00 PM,Sat,P
63,6:00:00 AM,3:00:00 PM,Sun,P
64,6:00:00 AM,3:00:00 PM,Mon,P
64,6:00:00 AM,3:00:00 PM,Tue,P
64,6:00:00 AM,3:00:00 PM,Wed,P
64,6:00:00 AM,3:00:00 PM,Thu,P
64,6:00:00 AM,3:00:00 PM,Fri,P
64,6:00:00 AM,3:00:00 PM,Sat,WO
64,6:00:00 AM,3:00:00 PM,Sun,WO
65,6:00:00 AM,3:00:00 PM,Mon,P
65,6:00:00 AM,3:00:00 PM,Tue,P
65,6:00:00 AM,3:00:00 PM,Wed,WO
65,6:00:00 AM,3:00:00 PM,Thu,WO
65,6:00:00 AM,3:00:00 PM,Fri,P
65,6:00:00 AM,3:00:00 PM,Sat,P
65,6:00:00 AM,3:00:00 PM,Sun,P
66,6:00:00 AM,3:00:00 PM,Mon,P
66,6:00:00 AM,3:00:00 PM,Tue,P
66,6:00:00 AM,3:00:00 PM,Wed,P
66,6:00:00 AM,3:00:00 PM,Thu,P
66,6:00:00 AM,3:00:00 PM,Fri,WO
66,6:00:00 AM,3:00:00 PM,Sat,WO
66,6:00:00 AM,3:00:00 PM,Sun,P
67,6:00:00 AM,3:00:00 PM,Mon,WO
67,6:00:00 AM,3:00:00 PM,Tue,WO
67,6:00:00 AM,3:00:00 PM,Wed,P
67,6:00:00 AM,3:00:00 PM,Thu,P
67,6:00:00 AM,3:00:00 PM,Fri,P
67,6:00:00 AM,3:00:00 PM,Sat,P
67,6:00:00 AM,3:00:00 PM,Sun,P
